<?xml version="1.0" encoding="utf-8"?>
<!DOCTYPE install PUBLIC "-//Joomla! 1.5//DTD template 1.0//EN" "http://www.joomla.org/xml/dtd/1.5/template-install.dtd">
<install version="1.5" type="template">
	<name>beez</name>
	<creationDate>24 March 2011</creationDate>
	<author>geoffrey ayap</author>
	<authorEmail>geoffrey.ayap@98labs.com</authorEmail>
	<copyright></copyright>
	<license>GNU/GPL</license>
	<version>1.0.0</version>
	<description>Accessible template for Joomla 1.5</description>
	<files>
		<filename>css/style.css</filename>
		<filename>css/index.html</filename>
		<filename>html/com_contact/category/default.php</filename>
		<filename>html/com_contact/category/default_items.php</filename>
		<filename>html/com_contact/category/index.html</filename>
		<filename>html/com_contact/contact/default.php</filename>
		<filename>html/com_contact/contact/default_address.php</filename>
		<filename>html/com_contact/contact/default_form.php</filename>
		<filename>html/com_contact/contact/index.html</filename>
		<filename>html/com_contact/index.html</filename>
		<filename>html/com_content/article/default.php</filename>
		<filename>html/com_content/article/index.html</filename>
		<filename>html/com_content/article/form.php</filename>
		<filename>html/com_content/category/blog.php</filename>
		<filename>html/com_content/category/blog_item.php</filename>
		<filename>html/com_content/category/blog_links.php</filename>
		<filename>html/com_content/category/index.html</filename>
		<filename>html/com_content/category/default_items.php</filename>
		<filename>html/com_content/category/default.php</filename>
		<filename>html/com_content/frontpage/default.php</filename>
		<filename>html/com_content/frontpage/default_item.php</filename>
		<filename>html/com_content/frontpage/default_links.php</filename>
		<filename>html/com_content/frontpage/index.html</filename>
		<filename>html/com_content/section/blog.php</filename>
		<filename>html/com_content/section/blog_item.php</filename>
		<filename>html/com_content/section/blog_links.php</filename>
		<filename>html/com_content/section/default.php</filename>
		<filename>html/com_content/section/index.html</filename>
		<filename>html/com_content/index.html</filename>
		<filename>html/index.html</filename>
		<filename>html/com_search/search/default.php</filename>
		<filename>html/com_search/search/default_error.php</filename>
		<filename>html/com_search/search/default_form.php</filename>
		<filename>html/com_search/search/default_results.php</filename>
		<filename>html/com_search/search/index.html</filename>
		<filename>html/com_search/index.html</filename>
		<filename>html/editor_content.css</filename>
		<filename>html/mod_latestnews/default.php</filename>
		<filename>html/mod_latestnews/index.html</filename>
		<filename>html/mod_login/default.php</filename>
		<filename>html/mod_login/index.html</filename>
		<filename>html/mod_newsflash/_item.php</filename>
		<filename>html/mod_newsflash/default.php</filename>
		<filename>html/mod_newsflash/horiz.php</filename>
		<filename>html/mod_newsflash/vert.php</filename>
		<filename>html/mod_newsflash/index.html</filename>
		<filename>html/mod_poll/default.php</filename>
		<filename>html/mod_poll/index.html</filename>
		<filename>html/mod_search/default.php</filename>
		<filename>html/mod_search/index.html</filename>
		<filename>html/modules.php</filename>
		<filename>html/pagination.php</filename>
		<filename>html/com_poll/poll/default.php</filename>
		<filename>html/com_poll/poll/default_graph.php</filename>
		<filename>html/com_poll/poll/index.html</filename>
		<filename>html/com_poll/index.html</filename>
		<filename>html/com_newsfeeds/categories/default.php</filename>
		<filename>html/com_newsfeeds/categories/index.html</filename>
		<filename>html/com_newsfeeds/category/default.php</filename>
		<filename>html/com_newsfeeds/category/default_items.php</filename>
		<filename>html/com_newsfeeds/category/index.html</filename>
		<filename>html/com_newsfeeds/newsfeed/default.php</filename>
		<filename>html/com_newsfeeds/newsfeed/index.html</filename>
		<filename>html/com_newsfeeds/index.html</filename>
		<filename>html/com_weblinks/categories/default.php</filename>
		<filename>html/com_weblinks/categories/index.html</filename>
		<filename>html/com_weblinks/category/default.php</filename>
		<filename>html/com_weblinks/category/default_items.php</filename>
		<filename>html/com_weblinks/category/index.html</filename>
		<filename>html/com_weblinks/weblink/form.php</filename>
		<filename>html/com_weblinks/weblink/index.html</filename>
		<filename>html/com_weblinks/index.html</filename>
		<filename>html/com_user/user/index.html</filename>
		<filename>html/com_user/user/default.php</filename>
		<filename>html/com_user/user/form.php</filename>
		<filename>html/com_user/login/index.html</filename>
		<filename>html/com_user/login/default_login.php</filename>
		<filename>html/com_user/login/default.php</filename>
		<filename>html/com_user/login/default_logout.php</filename>
		<filename>html/com_user/register/default.php</filename>
		<filename>html/com_user/register/index.html</filename>
		<filename>html/com_user/register/default_message.php</filename>
		<filename>html/com_user/index.html</filename>
		<filename>html/com_user/remind/index.html</filename>
		<filename>html/com_user/remind/default.php</filename>
		<filename>html/com_user/remind/default_message.php</filename>
		<filename>html/com_user/reset/index.html</filename>
		<filename>html/com_user/reset/default.php</filename>
		<filename>html/com_user/reset/confirm.php</filename>
		<filename>html/com_user/reset/complete.php</filename>
		<filename>images_general/index.html</filename>
		<filename>images_general/calendar.png</filename>
		<filename>images_general/j_button2_blank.png</filename>
		<filename>images_general/j_button2_image.png</filename>
		<filename>images_general/j_button2_left.png</filename>
		<filename>images_general/j_button2_pagebreak.png</filename>
		<filename>images_general/j_button2_readmore.png</filename>
		<filename>images_general/selector-arrow.png</filename>
		<filename>images/arrow.png</filename>
		<filename>images/arrow_rtl.png</filename>
		<filename>images/pfeil.gif</filename>
		<filename>images/pfeil_rtl.gif</filename>
		<filename>images/trans.gif</filename>
		<filename>images/logo.gif</filename>
		<filename>images/arrow.gif</filename>
		<filename>images/biene.gif</filename>
		<filename>images/biene_rtl.gif</filename>
		<filename>images/index.html</filename>
		<filename>images/con_address.png</filename>
		<filename>images/lupe_larger.gif</filename>
		<filename>images/lupe_larger_black.gif</filename>
		<filename>images/lupe_reset.gif</filename>
		<filename>images/lupe_reset_black.gif</filename>
		<filename>images/lupe_smaller.gif</filename>
		<filename>images/lupe_smaller_black.gif</filename>
		<filename>index.html</filename>
		<filename>index.php</filename>
		<filename>javascript/md_stylechanger.js</filename>
		<filename>javascript/index.html</filename>
		<filename>params.ini</filename>
		<filename>templateDetails.xml</filename>
		<filename>template_thumbnail.png</filename>
		<filename>favicon.ico</filename>
		<filename>component.php</filename>
	</files>
	<languages>
		<language tag="en-GB">en-GB.tpl_beez.ini</language>
	</languages>
	<administration>
		<languages folder="admin">
			<language tag="en-GB">en-GB.tpl_beez.ini</language>
		</languages>
	</administration>
	<positions>
		<position>left</position>
		<position>right</position>
		<position>top</position>
		<position>latest-news</position>
		<position>footer_menu</position>
		<position>sponsor</position>
		<position>breadcrumb</position>
		<position>user1</position>
		<position>user2</position>
		<position>user3</position>
		<position>user4</position>
		<position>debug</position>
		<position>syndicate</position>
	</positions>
	<params>
	</params>
</install>
